1412602498,60.6400,60.8000,60.6200,60.7800,471200
1412602799,60.7000,60.7000,60.5200,60.6500,279900
1412603042,60.7400,60.7700,60.6900,60.6900,206500
1412603398,60.7100,60.8000,60.7100,60.7400,242300
1412603698,60.6600,60.7350,60.6000,60.7100,248000
1412603997,60.5500,60.6800,60.5500,60.6550,127500
1412604296,60.5000,60.6300,60.4950,60.5600,190000
1412604540,60.5000,60.5300,60.4650,60.4900,231300
1412604898,60.4328,60.5200,60.4050,60.4900,131200
1412605196,60.5250,60.5300,60.4300,60.4300,185300
1412605493,60.4633,60.5250,60.4400,60.5200,135300
1412605741,60.4900,60.5100,60.4000,60.4700,115500
1412606099,60.5200,60.5300,60.4000,60.4800,105400
1412606399,60.5210,60.5800,60.5000,60.5250,142600
1412606697,60.5400,60.5900,60.5150,60.5200,137400
1412606999,60.4400,60.5500,60.4300,60.5300,94500
1412607242,60.3699,60.4500,60.3550,60.4400,117000
1412607541,60.4000,60.4290,60.3500,60.3600,88200
1412607897,60.4399,60.4600,60.3700,60.4000,145100
1412608198,60.4400,60.4600,60.3709,60.4300,130000
1412608498,60.4700,60.4750,60.4300,60.4400,77300
1412608740,60.4100,60.4600,60.3700,60.4600,241000
1412609040,60.3100,60.4000,60.2700,60.4000,125000
1412609340,60.3200,60.3800,60.2750,60.3156,78800
1412609691,60.4300,60.4400,60.3300,60.3300,127000
1412609999,60.3700,60.4400,60.3700,60.4300,131700
1412610298,60.2300,60.3933,60.2300,60.3700,136300
1412610597,60.1600,60.2400,60.0900,60.2350,133900
1412610848,60.1800,60.2000,60.1400,60.1550,69000
1412611140,60.1600,60.1800,60.1000,60.1700,100300
1412611490,60.1950,60.2100,60.1500,60.1600,80100
1412611799,60.2890,60.3100,60.1900,60.1900,113400
1412612043,60.2250,60.2900,60.2200,60.2900,66700
1412612398,60.2750,60.2800,60.2200,60.2299,45600
1412612642,60.2000,60.2850,60.1900,60.2750,52800
1412612999,60.2200,60.2800,60.1900,60.2000,64200
1412613241,60.1900,60.2200,60.1300,60.2100,59200
1412613595,60.1300,60.2100,60.0950,60.1700,69500
1412613840,60.0800,60.1800,60.0400,60.1354,103800
1412614141,60.1100,60.1300,60.0200,60.0700,102200
1412614488,60.0600,60.1300,60.0500,60.1000,72200
1412614797,60.0400,60.1167,60.0200,60.0600,58100
1412615096,60.1700,60.1900,60.0000,60.0400,163800
1412615341,60.1200,60.1800,60.1200,60.1750,70500
1412615699,60.1400,60.1400,60.0700,60.1200,143600
1412615940,60.2000,60.2400,60.1350,60.1400,139500
1412616252,60.2300,60.2300,60.1700,60.1901,76000
1412616547,60.2600,60.2700,60.1900,60.2200,165500
1412616842,60.2050,60.2800,60.1800,60.2601,105500
1412617198,60.2300,60.2400,60.1600,60.2200,55700
1412617446,60.2450,60.2450,60.1850,60.2300,46400
1412617745,60.1900,60.2500,60.1900,60.2500,39800
1412618046,60.2600,60.2600,60.1700,60.1900,63700
1412618399,60.2800,60.3000,60.2200,60.2600,67400
1412618699,60.2400,60.2900,60.2100,60.2800,62400
1412618940,60.2000,60.2600,60.1600,60.2400,75100
1412619246,60.2050,60.2150,60.1500,60.1900,62000
1412619543,60.2300,60.2700,60.1600,60.2000,74700
1412619841,60.3700,60.3700,60.2300,60.2300,117200
1412620143,60.3200,60.3700,60.2900,60.3700,73900
1412620498,60.2999,60.3400,60.2850,60.3200,69800
1412620799,60.2700,60.3390,60.2700,60.2950,77600
1412621041,60.2600,60.2800,60.2300,60.2700,58000
1412621340,60.2500,60.3050,60.2400,60.2600,59500
1412621698,60.2600,60.2600,60.2350,60.2450,48400
1412621999,60.2450,60.2800,60.2450,60.2600,53400
1412622242,60.2150,60.2775,60.1800,60.2500,111500
1412622541,60.1900,60.2300,60.1800,60.2100,151700
1412622843,60.1937,60.2400,60.1700,60.1900,138500
1412623198,60.2500,60.2700,60.1900,60.1900,83500
1412623499,60.3400,60.3400,60.2100,60.2500,166700
1412623740,60.2850,60.3400,60.2510,60.3400,90700
1412624040,60.2900,60.3000,60.2400,60.2800,163600
1412624397,60.3300,60.3500,60.2600,60.2900,108000
1412624640,60.2650,60.3200,60.2500,60.3200,168500
1412624999,60.2600,60.2800,60.2450,60.2600,136800
1412625299,60.2500,60.2900,60.2300,60.2600,214600
1412625540,60.1850,60.2900,60.1800,60.2500,488300
1412625600,60.1800,60.1800,60.1800,60.1800,1950200
1412688840,59.3400,59.9200,59.3000,59.9200,0
1412689199,59.4300,59.4400,59.2400,59.3500,275400
1412689499,59.2700,59.4890,59.2400,59.4300,279700
1412689799,59.3550,59.3600,59.1850,59.2661,180900
1412690040,59.4200,59.4400,59.3400,59.3600,148200
1412690399,59.4950,59.4990,59.3500,59.4100,180900
1412690640,59.5900,59.6300,59.4900,59.4900,198600
1412690940,59.6200,59.6750,59.5600,59.5950,154000
1412691296,59.5300,59.6700,59.5134,59.6200,106800
1412691548,59.6100,59.6100,59.4800,59.5200,79400
1412691841,59.5800,59.6210,59.5200,59.6200,130700
1412692199,59.6100,59.6200,59.5500,59.5800,77200
1412692440,59.6600,59.7800,59.6100,59.6100,190400
1412692748,59.6300,59.7090,59.6200,59.6600,100700
1412693099,59.6700,59.6800,59.6000,59.6250,96500
1412693340,59.5950,59.7500,59.5900,59.6700,131400
1412693698,59.6001,59.7000,59.5900,59.6000,86400
1412693949,59.4700,59.6400,59.4700,59.6090,152500
1412694240,59.3900,59.5000,59.3900,59.4800,154300
1412694540,59.4800,59.5000,59.3700,59.4000,142600
1412694841,59.4056,59.4800,59.3950,59.4800,80200
1412695152,59.3300,59.4099,59.2800,59.4050,147100
1412695499,59.3200,59.4000,59.3150,59.3400,74300
1412695740,59.2900,59.3300,59.2600,59.3200,94400
1412696097,59.3197,59.3400,59.2400,59.2901,128400
1412696345,59.3000,59.3300,59.2300,59.3100,102900
1412696698,59.4300,59.4350,59.2800,59.3000,99100
1412696999,59.4300,59.4600,59.3700,59.4400,77900
1412697299,59.4590,59.4800,59.3600,59.4300,78800
1412697598,59.3600,59.4601,59.3600,59.4550,81300
1412697899,59.4050,59.4300,59.3500,59.3600,80100
1412698198,59.5000,59.5100,59.3900,59.4000,171500
1412698494,59.5975,59.6200,59.5000,59.5100,223600
1412698797,59.6390,59.6400,59.5701,59.5900,105500
1412699042,59.5900,59.6600,59.5700,59.6400,92700
1412699341,59.6050,59.6300,59.5700,59.6100,54300
1412699642,59.5670,59.6400,59.5600,59.6100,63100
1412699941,59.5900,59.6000,59.5400,59.5700,80900
1412700298,59.5800,59.6100,59.5500,59.5900,93900
1412700599,59.4400,59.6200,59.4300,59.5900,173800
1412700899,59.5100,59.5200,59.4100,59.4400,171700
1412701196,59.5450,59.5450,59.5100,59.5100,121200
1412701497,59.5750,59.6000,59.5000,59.5500,187600
1412701796,59.4300,59.5800,59.4100,59.5800,151300
1412702041,59.5290,59.5400,59.4200,59.4300,143000
1412702340,59.5900,59.6099,59.5381,59.5381,139200
1412702641,59.5700,59.6300,59.5500,59.5900,57900
1412702997,59.6850,59.7100,59.5500,59.5650,172900
1412703296,59.6200,59.6900,59.5900,59.6864,64200
1412703599,59.5600,59.6600,59.5500,59.6200,70100
1412703844,59.5550,59.5900,59.5450,59.5600,38200
1412704198,59.5600,59.6000,59.5300,59.5500,63800
1412704442,59.6250,59.6300,59.5250,59.5600,70800
1412704793,59.6100,59.6350,59.5700,59.6200,74000
1412705040,59.5700,59.6050,59.5200,59.6000,79800
1412705343,59.5810,59.6200,59.5550,59.5600,134600
1412705647,59.6500,59.6700,59.5600,59.5850,81600
1412705996,59.6000,59.6600,59.5700,59.6510,73700
1412706244,59.5000,59.6100,59.4810,59.6050,110300
1412706599,59.4500,59.5100,59.4300,59.4900,172700
1412706840,59.4150,59.4553,59.3500,59.4553,170100
1412707140,59.4200,59.4500,59.3900,59.4200,87700
1412707499,59.4450,59.4700,59.3650,59.4200,108700
1412707745,59.4500,59.4750,59.4200,59.4450,72300
1412708042,59.4600,59.4750,59.4300,59.4500,136100
1412708340,59.4150,59.4800,59.4100,59.4600,85700
1412708697,59.4300,59.4650,59.3700,59.4100,191600
1412708940,59.3800,59.4470,59.3650,59.4300,129000
1412709243,59.3900,59.4000,59.3400,59.3800,142500
1412709593,59.3000,59.3900,59.3000,59.3900,189400
1412709896,59.2980,59.3290,59.2600,59.2900,213700
1412710198,59.3600,59.3600,59.2900,59.2950,210800
1412710499,59.4400,59.4400,59.3500,59.3500,257600
1412710799,59.3000,59.4400,59.3000,59.4350,238300
1412711041,59.2800,59.3300,59.2600,59.3001,493800
1412711398,59.2800,59.3350,59.2650,59.2700,536900
1412711699,59.2700,59.2900,59.2500,59.2845,744500
1412711940,59.2600,59.3199,59.2100,59.2800,1590900
1412712000,59.2700,59.2700,59.2700,59.2700,1241400
1412775241,59.3200,59.4300,59.2600,59.3200,0
1412775597,59.3900,59.4300,59.3000,59.3300,226800
1412775899,59.6300,59.6500,59.3750,59.3900,237000
1412776144,59.6300,59.6900,59.4650,59.6300,298000
1412776498,59.6200,59.6500,59.5900,59.6400,206600
1412776799,59.5600,59.6250,59.5500,59.6100,377200
1412777098,59.4300,59.5950,59.3945,59.5510,278000
1412777399,59.5156,59.5500,59.4200,59.4300,143100
1412777699,59.5800,59.6500,59.4800,59.5110,140900
1412777944,59.4200,59.6100,59.4001,59.5900,281200
1412778299,59.3600,59.4500,59.3500,59.4200,316900
1412778543,59.5200,59.5400,59.3300,59.3500,193600
1412778840,59.4800,59.5900,59.4600,59.5300,217500
1412779141,59.3800,59.5200,59.3800,59.4900,214300
1412779498,59.3200,59.3800,59.2600,59.3700,208300
1412779799,59.3200,59.3600,59.2600,59.3200,195900
1412780040,59.3000,59.3600,59.2600,59.3100,159700
1412780340,59.3150,59.3450,59.2900,59.3000,209200
1412780699,59.2600,59.3300,59.2600,59.3000,267300
1412780940,59.4000,59.4000,59.2600,59.2700,304400
1412781240,59.3500,59.4600,59.3500,59.3950,125500
1412781541,59.2900,59.3500,59.2600,59.3500,101800
1412781841,59.4100,59.4440,59.2600,59.2800,153000
1412782199,59.5600,59.5900,59.3800,59.4200,125400
1412782440,59.6000,59.6500,59.5200,59.5600,145700
1412782740,59.5000,59.6100,59.4900,59.5950,104000
1412783041,59.4601,59.5250,59.4600,59.5100,106700
1412783341,59.4100,59.4700,59.3900,59.4700,198300
1412783641,59.4400,59.4750,59.3900,59.4150,90400
1412783940,59.4500,59.5000,59.3800,59.4400,130300
1412784242,59.6100,59.6400,59.4450,59.4500,199500
1412784594,59.5500,59.6300,59.5400,59.6100,126900
1412784899,59.5700,59.5899,59.5400,59.5450,106200
1412785148,59.5750,59.5900,59.5400,59.5800,114900
1412785498,59.5300,59.5800,59.5100,59.5790,89700
1412785794,59.5200,59.5600,59.5200,59.5377,132200
1412786099,59.5000,59.5300,59.5000,59.5200,113600
1412786399,59.5101,59.5800,59.5000,59.5000,106100
1412786640,59.5400,59.5700,59.4700,59.5200,58000
1412786940,59.4750,59.5400,59.4200,59.5400,58900
1412787299,59.4200,59.4900,59.4101,59.4800,40500
1412787597,59.4400,59.4500,59.4200,59.4200,43200
1412787841,59.5700,59.5900,59.4400,59.4500,87100
1412788199,59.4900,59.5800,59.4800,59.5700,72200
1412788457,59.5300,59.5400,59.4700,59.4800,42200
1412788798,59.5800,59.6200,59.5300,59.5390,69800
1412789099,59.5900,59.6400,59.5550,59.5850,59800
1412789340,59.5450,59.5900,59.5350,59.5900,70500
1412789698,59.5300,59.5600,59.5100,59.5450,51300
1412789998,59.5400,59.5400,59.4900,59.5250,116300
1412790248,59.5300,59.5400,59.4850,59.5400,48600
1412790540,59.7100,59.7300,59.5350,59.5400,205300
1412790893,59.6750,59.7400,59.6700,59.7000,93700
1412791199,59.7000,59.7200,59.6350,59.6700,70300
1412791499,59.7900,59.8900,59.6900,59.6900,270800
1412791740,59.9100,59.9200,59.7350,59.7900,246000
1412792098,59.9800,60.0210,59.9000,59.9100,352800
1412792340,60.0100,60.0267,59.9250,59.9800,225600
1412792640,60.0800,60.1100,60.0150,60.0150,194700
1412792999,60.0200,60.1400,59.9900,60.0800,274400
1412793299,60.1500,60.1600,60.0200,60.0200,180300
1412793540,60.0600,60.1600,60.0600,60.1500,98600
1412793840,60.0500,60.1100,60.0500,60.0700,99300
1412794144,60.0100,60.0700,60.0100,60.0500,102900
1412794497,59.9900,60.0350,59.9800,60.0100,167300
1412794797,60.0501,60.0550,59.9600,59.9900,135300
1412795099,60.0899,60.1300,60.0400,60.0600,185200
1412795399,60.1300,60.1550,60.0729,60.0800,151000
1412795699,60.0800,60.1300,60.0600,60.1300,102100
1412795951,60.0900,60.1200,60.0700,60.0800,76500
1412796299,60.2100,60.2100,60.0650,60.0800,151300
1412796540,60.2500,60.3000,60.2000,60.2000,202000
1412796899,60.2837,60.2837,60.2000,60.2600,142200
1412797140,60.2900,60.3100,60.2600,60.2860,212800
1412797440,60.3900,60.4300,60.2700,60.2840,350600
1412797799,60.3900,60.4000,60.3400,60.3900,333700
1412798040,60.3450,60.4200,60.3300,60.3900,462400
1412798399,60.3700,60.3900,60.2900,60.3450,1088800
1412798400,60.4000,60.4000,60.4000,60.4000,1771000
1412861641,60.0600,60.3300,60.0500,60.3100,0
1412861999,60.1600,60.1700,59.9600,60.0600,259000
1412862298,60.2000,60.2300,60.0700,60.1500,203500
1412862541,60.1175,60.2200,60.0900,60.2000,370400
1412862893,59.9800,60.1200,59.9800,60.1150,126100
1412863140,59.9700,60.0200,59.8699,60.0100,157900
1412863440,60.0900,60.1400,59.9610,59.9616,115100
1412863798,59.9600,60.0950,59.9099,60.0900,91800
1412864040,59.9900,60.0233,59.8800,59.9500,206800
1412864399,60.0300,60.0600,59.9600,59.9800,102800
1412864698,60.0037,60.0900,59.9900,60.0200,157100
1412864998,59.9950,60.0500,59.9400,60.0100,190400
1412865242,59.8950,60.0000,59.8900,60.0000,285300
1412865552,59.8700,59.8950,59.8100,59.8900,169700
1412865840,59.9000,59.9100,59.8200,59.8800,298300
1412866199,59.9050,59.9300,59.8800,59.9000,156200
1412866499,59.8300,59.9100,59.8100,59.9000,113000
1412866799,59.9400,59.9600,59.8300,59.8300,121500
1412867040,59.7450,59.9500,59.7300,59.9500,176900
1412867399,59.8050,59.8900,59.7150,59.7500,188800
1412867642,59.8600,59.9500,59.7600,59.8200,167700
1412867999,59.7900,59.8700,59.7750,59.8700,90100
1412868297,59.7600,59.8700,59.7400,59.7900,137700
1412868599,59.7600,59.8000,59.7300,59.7600,144700
1412868899,59.6800,59.7800,59.6700,59.7700,198500
1412869199,59.5300,59.6876,59.5200,59.6800,204800
1412869497,59.5150,59.5700,59.4500,59.5300,347700
1412869740,59.5400,59.6000,59.4700,59.5200,210600
1412870099,59.3900,59.5933,59.3700,59.5400,225400
1412870399,59.4200,59.4300,59.2700,59.3800,192500
1412870644,59.5000,59.5300,59.3200,59.4100,238800
1412870997,59.4400,59.5300,59.4400,59.5000,129400
1412871240,59.3640,59.4850,59.3400,59.4500,110300
1412871598,59.3200,59.4400,59.2000,59.3700,193800
1412871841,59.2900,59.3200,59.2200,59.3200,176000
1412872198,59.2400,59.3000,59.1800,59.2850,252000
1412872442,59.2400,59.2800,59.1900,59.2400,117900
1412872799,59.2600,59.3200,59.2361,59.2400,74700
1412873098,59.3200,59.3400,59.2600,59.2699,194200
1412873399,59.2900,59.3200,59.2600,59.3100,183600
1412873698,59.2600,59.3000,59.2600,59.2900,151600
1412873999,59.3500,59.3700,59.2500,59.2600,159600
1412874299,59.2600,59.3500,59.2600,59.3500,207000
1412874598,59.1900,59.2800,59.1100,59.2600,895600
1412874844,59.2000,59.2300,59.0800,59.1800,331300
1412875197,59.2500,59.2937,59.1400,59.2000,105800
1412875499,59.4000,59.4000,59.2500,59.2500,120300
1412875746,59.3200,59.4064,59.3100,59.4000,85200
1412876099,59.4600,59.4600,59.2700,59.3200,109200
1412876341,59.5000,59.5400,59.4350,59.4600,216100
1412876646,59.5000,59.5050,59.4400,59.5000,193300
1412876998,59.4300,59.5400,59.4000,59.5000,259000
1412877244,59.2200,59.4600,59.2000,59.4300,178000
1412877541,59.2300,59.3100,59.2150,59.2150,108300
1412877898,59.1500,59.2200,59.1100,59.2200,185200
1412878198,59.1700,59.2200,59.1000,59.1500,103900
1412878445,59.0250,59.1800,59.0100,59.1600,224600
1412878740,59.0200,59.0950,58.9600,59.0300,289500
1412879042,59.0000,59.0500,58.9800,59.0300,138200
1412879398,59.0150,59.1200,58.9800,58.9900,182600
1412879699,58.9500,59.0000,58.8900,59.0000,226500
1412879999,59.0400,59.1300,58.9600,58.9600,169100
1412880240,59.0400,59.0900,58.9700,59.0400,207100
1412880598,59.0600,59.0860,59.0100,59.0400,238700
1412880899,59.1900,59.2300,59.0450,59.0600,260700
1412881199,59.1100,59.1900,59.0800,59.1900,114800
1412881440,59.1967,59.2200,59.0800,59.1000,210600
1412881799,59.1300,59.2300,59.1100,59.2000,261900
1412882098,59.1955,59.2400,59.0850,59.1300,283900
1412882395,59.2200,59.2900,59.1300,59.2000,181000
1412882699,59.1900,59.2400,59.1200,59.2200,162600
1412882941,59.2300,59.2700,59.1700,59.1900,202200
1412883240,59.3850,59.4200,59.2200,59.2300,322700
1412883540,59.3599,59.4400,59.3000,59.3900,289500
1412883899,59.2700,59.3700,59.2300,59.3500,256500
1412884140,59.1000,59.2650,59.1000,59.2600,405800
1412884440,59.1750,59.1800,59.0500,59.1000,477500
1412884740,59.0950,59.2500,59.0900,59.1700,1198600
1412884800,59.0800,59.0800,59.0800,59.0800,1933100
1412948040,59.1700,59.1800,58.9500,59.0300,0
1412948399,59.4600,59.5600,59.1400,59.1800,332100
1412948699,59.6200,59.6450,59.3100,59.4400,297000
1412948999,59.7100,59.8200,59.6400,59.6400,545500
1412949297,59.5300,59.7500,59.5000,59.7100,269100
1412949599,59.7050,59.7665,59.5201,59.5201,231000
1412949898,59.5300,59.7400,59.4800,59.7000,408200
1412950199,59.2700,59.5300,59.2700,59.5300,243400
1412950499,59.2100,59.4447,59.1700,59.2600,334200
1412950741,59.2500,59.2700,59.1100,59.2200,305700
1412951098,59.1699,59.2650,59.1400,59.2400,261400
1412951399,59.0900,59.1800,59.0500,59.1600,277200
1412951698,59.2400,59.2400,58.9600,59.1000,488500
1412951999,59.3100,59.4200,59.1700,59.2300,212900
1412952240,59.4000,59.4000,59.1900,59.3100,129800
1412952540,59.3100,59.4100,59.1800,59.3950,174300
1412952899,59.4500,59.5601,59.2800,59.3100,456100
1412953192,59.3950,59.5500,59.3700,59.4500,217300
1412953497,59.4800,59.5100,59.3500,59.4000,237200
1412953799,59.4200,59.4750,59.3850,59.4700,237200
1412954041,59.2100,59.4200,59.2100,59.4200,197900
1412954340,59.1300,59.2200,59.0900,59.2100,204100
1412954642,59.1800,59.2200,59.0800,59.1300,229300
1412954946,59.2000,59.2500,59.1300,59.1800,158200
1412955241,59.1100,59.2100,59.1100,59.2000,152000
1412955541,59.1200,59.1600,59.0950,59.1100,109500
1412955841,59.1750,59.1900,59.0100,59.1200,177800
1412956199,59.3200,59.3200,59.1300,59.1700,132100
1412956441,59.2800,59.3600,59.2800,59.3200,103600
1412956740,59.2500,59.2900,59.2100,59.2799,84200
1412957040,59.5700,59.5900,59.2400,59.2500,267100
1412957345,59.4100,59.5800,59.4100,59.5800,143800
1412957699,59.5000,59.5200,59.3800,59.4000,103500
1412957940,59.3400,59.5000,59.3400,59.5000,142000
1412958299,59.3200,59.3700,59.2650,59.3500,110000
1412958542,59.3650,59.4500,59.3200,59.3250,139900
1412958899,59.4730,59.5500,59.3500,59.3700,261800
1412959199,59.3900,59.5200,59.3800,59.4790,143300
1412959444,59.4600,59.4950,59.3850,59.3900,144900
1412959744,59.4500,59.4900,59.4100,59.4700,217300
1412960045,59.4000,59.4900,59.3500,59.4600,79500
1412960386,59.3600,59.4264,59.3400,59.4000,56600
1412960694,59.3300,59.4400,59.3200,59.3600,62500
1412960946,59.3400,59.3600,59.2800,59.3310,166400
1412961299,59.3200,59.3900,59.3100,59.3400,63800
1412961592,59.2700,59.3300,59.2500,59.3100,102300
1412961898,59.2431,59.2900,59.2000,59.2700,70700
1412962141,59.2000,59.2500,59.1500,59.2450,106500
1412962499,59.1800,59.2400,59.1700,59.2000,88500
1412962799,59.2400,59.2800,59.1700,59.1700,182900
1412963040,59.3537,59.3537,59.2200,59.2375,171700
1412963397,59.3300,59.3500,59.2300,59.3500,90800
1412963699,59.3500,59.3700,59.2900,59.3300,91800
1412963995,59.3700,59.4400,59.3400,59.3555,61200
1412964242,59.4200,59.4600,59.3700,59.3800,109400
1412964599,59.3600,59.4200,59.3400,59.4200,117300
1412964894,59.2600,59.3600,59.2600,59.3600,123400
1412965140,59.1750,59.3200,59.1600,59.2600,98100
1412965499,59.2500,59.2500,59.1750,59.1800,107300
1412965799,59.2400,59.3000,59.2100,59.2600,101700
1412966098,59.1700,59.2600,59.1700,59.2300,87400
1412966341,59.0650,59.1800,59.0600,59.1800,101900
1412966641,59.0300,59.0700,58.9600,59.0600,192200
1412966949,59.0200,59.0600,58.9800,59.0300,70500
1412967297,59.0500,59.0800,59.0000,59.0268,82000
1412967540,58.9900,59.0800,58.9800,59.0550,157900
1412967898,58.9300,59.0400,58.9100,59.0000,143500
1412968141,58.8200,58.9200,58.8000,58.9200,246100
1412968499,58.8600,58.9400,58.8100,58.8200,121300
1412968740,58.8299,58.8600,58.7300,58.8600,205700
1412969040,58.8800,58.9000,58.8100,58.8200,100100
1412969398,58.8900,58.8900,58.7800,58.8850,194500
1412969698,58.8000,58.9176,58.8000,58.8900,280400
1412969999,58.8676,58.8900,58.8001,58.8100,192100
1412970299,58.7600,58.8700,58.7450,58.8600,214400
1412970599,58.6500,58.7900,58.6200,58.7600,371800
1412970899,58.5650,58.6600,58.5500,58.6500,485800
1412971199,58.5100,58.6000,58.5100,58.5600,831600
1412971200,58.5200,58.5200,58.5200,58.5200,1142200
1413207240,58.8200,58.8400,58.4100,58.5400,0
1413207540,59.0700,59.1300,58.7700,58.8200,288500
1413207898,58.9000,59.0800,58.9000,59.0700,246300
1413208199,58.8300,58.9800,58.8037,58.9050,222700
1413208499,58.7200,58.8900,58.6450,58.8500,304000
1413208799,58.8000,58.9100,58.5200,58.7200,366700
1413209098,58.8150,58.8600,58.7300,58.8000,216300
1413209399,58.7190,58.8500,58.7100,58.8150,266600
1413209641,58.7000,58.7300,58.6350,58.7100,236100
1413209993,58.5700,58.7200,58.5500,58.7000,201100
1413210240,58.6750,58.7100,58.5750,58.5800,239100
1413210598,58.6600,58.7100,58.6100,58.6800,181500
1413210899,58.8400,58.8800,58.6500,58.6600,244600
1413211195,58.9000,58.9100,58.7850,58.8400,224200
1413211498,58.7600,58.8990,58.7200,58.8950,260600
1413211799,58.8550,58.9100,58.7669,58.7700,267200
1413212046,59.0600,59.0800,58.8500,58.8500,226900
1413212340,58.9300,59.1000,58.9300,59.0700,344700
1413212640,59.0700,59.1450,58.9000,58.9300,293400
1413212999,58.9900,59.0925,58.9900,59.0700,182400
1413213299,58.8950,58.9950,58.8800,58.9850,219900
1413213597,58.7550,58.9199,58.7400,58.8900,217100
1413213899,58.8660,58.8800,58.7300,58.7400,212800
1413214141,58.7900,58.8850,58.7500,58.8700,198100
1413214499,58.8300,58.9200,58.7850,58.8000,204300
1413214799,58.7550,58.8300,58.7200,58.8300,211100
1413215099,58.7100,58.8200,58.7000,58.7600,126800
1413215398,58.7900,58.8200,58.7050,58.7200,152400
1413215643,58.7500,58.8500,58.7500,58.7900,129600
1413215940,58.7600,58.7900,58.7300,58.7600,99400
1413216240,58.8100,58.8100,58.7000,58.7600,108500
1413216597,58.7300,58.8050,58.7100,58.8050,73300
1413216897,58.7000,58.7684,58.7000,58.7400,120400
1413217198,58.7200,58.7299,58.6600,58.7000,205800
1413217499,58.7800,58.7900,58.7000,58.7200,75000
1413217799,58.8700,58.8800,58.7499,58.7800,146000
1413218041,59.0040,59.0100,58.8780,58.8780,153400
1413218399,59.0100,59.0700,59.0090,59.0100,139800
1413218640,58.9900,59.1000,58.9500,59.0100,203100
1413218942,58.9290,59.0000,58.8900,58.9900,115300
1413219299,58.9800,58.9900,58.9150,58.9330,64000
1413219540,58.9450,59.0300,58.9350,58.9800,168900
1413219899,59.0500,59.0500,58.9500,58.9500,91600
1413220143,59.0400,59.0700,59.0100,59.0460,91700
1413220440,59.0300,59.0700,58.9799,59.0600,104200
1413220752,58.9400,59.0300,58.8442,59.0300,147600
1413221085,58.9501,58.9800,58.9200,58.9300,64200
1413221399,59.0500,59.0600,58.9250,58.9500,72800
1413221699,59.0400,59.0500,58.9700,59.0500,104500
1413221999,59.0700,59.0900,59.0301,59.0500,118000
1413222241,59.0500,59.1100,59.0400,59.0700,99100
1413222597,58.9750,59.0733,58.9350,59.0500,100800
1413222897,59.0200,59.0400,58.9400,58.9700,95600
1413223199,58.9800,59.0150,58.8800,59.0150,157200
1413223441,58.9000,58.9900,58.8600,58.9800,123400
1413223799,59.0200,59.0350,58.8900,58.9000,144800
1413224099,59.0000,59.0500,59.0000,59.0200,117800
1413224398,58.9400,59.0250,58.9400,59.0076,129100
1413224696,59.0110,59.0200,58.9200,58.9350,108200
1413224999,59.0050,59.0600,58.9750,59.0100,153900
1413225298,58.9700,59.0100,58.9256,58.9900,138000
1413225542,58.9500,59.0000,58.9100,58.9800,140000
1413225898,58.9900,59.0000,58.9100,58.9600,104200
1413226141,58.9200,58.9800,58.9200,58.9800,123600
1413226497,58.9100,58.9900,58.9000,58.9200,160100
1413226799,58.8750,58.9000,58.8500,58.9000,194600
1413227098,58.8300,58.9000,58.8300,58.8700,179300
1413227340,58.7700,58.8600,58.7600,58.8350,155700
1413227697,58.7750,58.7900,58.7300,58.7700,165400
1413227940,58.6800,58.7800,58.6700,58.7750,181900
1413228242,58.6600,58.7100,58.6000,58.6800,132100
1413228597,58.6750,58.7200,58.6400,58.6700,211800
1413228899,58.5100,58.6700,58.2500,58.6700,652000
1413229198,58.3400,58.5900,58.3300,58.5100,382500
1413229498,58.5299,58.5400,58.3400,58.3423,737700
1413229799,58.4100,58.5300,58.2900,58.5300,572200
1413230040,58.3100,58.5100,58.2500,58.4100,657700
1413230399,58.1800,58.3200,58.1100,58.3100,856900
1413230400,58.1600,58.1600,58.1600,58.1600,916700
1413293671,57.4000,57.4800,56.0600,56.5500,0
1413293945,57.5100,57.7500,57.2600,57.4000,960900
1413294298,57.7200,57.7500,57.3000,57.4900,744500
1413294560,57.5600,57.8500,57.5300,57.7200,516800
1413294899,57.8800,58.0300,57.4800,57.6650,853600
1413295146,57.6899,57.9000,57.6100,57.9000,572700
1413295499,57.6700,57.7500,57.5700,57.7100,488800
1413295799,57.6200,57.7100,57.4000,57.6700,608300
1413296099,57.3720,57.6900,57.3600,57.6100,340000
1413296399,57.5900,57.6200,57.3700,57.3900,446700
1413296699,57.5000,57.6600,57.4800,57.5900,258400
1413296990,57.4100,57.5800,57.3600,57.5000,225600
1413297273,57.3150,57.4300,57.2800,57.4300,376800
1413297599,57.5900,57.6300,57.3200,57.3200,315300
1413297860,57.5000,57.6500,57.4400,57.5900,170700
1413298163,57.4300,57.5500,57.3800,57.5100,158600
1413298499,57.5100,57.6000,57.4100,57.4300,917100
1413298773,57.4600,57.5100,57.4250,57.4499,256000
1413299098,57.4500,57.4900,57.3800,57.4700,209400
1413299398,57.5700,57.6100,57.4400,57.4600,145000
1413299640,57.5300,57.6600,57.5100,57.5700,184000
1413299998,57.6300,57.6500,57.5200,57.5350,174400
1413300299,57.6900,57.7400,57.6100,57.6300,197000
1413300599,57.6575,57.7200,57.6300,57.7000,235200
1413300899,57.6101,57.6600,57.5800,57.6575,339700
1413301199,57.6270,57.6350,57.5900,57.6150,204100
1413301498,57.7400,57.7400,57.6300,57.6300,159300
1413301799,57.8100,57.8200,57.6850,57.7400,239700
1413302096,57.7100,57.8200,57.6900,57.8200,139400
1413302340,57.7700,57.7700,57.6800,57.7100,193400
1413302698,57.8100,57.8500,57.7567,57.7700,154300
1413302940,57.8800,57.8800,57.7700,57.8100,223300
1413303299,58.0800,58.0900,57.8690,57.8800,257400
1413303599,58.2100,58.2400,58.0500,58.0900,343000
1413303840,58.1200,58.2500,58.0900,58.2200,230200
1413304199,58.1850,58.2400,58.1100,58.1250,166900
1413304499,57.8432,58.1850,57.8400,58.1850,348700
1413304740,58.1367,58.1400,57.8400,57.8400,229900
1413305098,58.2200,58.2300,58.0700,58.1400,381800
1413305340,58.1900,58.2200,58.0600,58.2100,110400
1413305699,58.2300,58.2800,58.1725,58.1800,139800
1413305999,58.2500,58.2800,58.2200,58.2300,96200
1413306299,58.2850,58.3100,58.2200,58.2500,116400
1413306599,58.3000,58.3000,58.2200,58.2900,119800
1413306895,58.4100,58.4300,58.2850,58.3000,165200
1413307199,58.4650,58.5200,58.4150,58.4200,175800
1413307440,58.3150,58.4650,58.3063,58.4600,165200
1413307799,58.2000,58.3400,58.1300,58.3200,224300
1413308097,58.3100,58.3100,58.2000,58.2000,190300
1413308399,58.1900,58.3100,58.1811,58.3100,190200
1413308699,58.0500,58.2000,58.0500,58.1900,142800
1413308940,58.1200,58.1250,57.9950,58.0600,188800
1413309299,58.1550,58.1800,58.0800,58.1200,87500
1413309598,58.2200,58.2300,58.1299,58.1600,104800
1413309897,58.1600,58.2450,58.1400,58.2300,138300
1413310198,58.0900,58.1700,58.0600,58.1545,88000
1413310440,58.1400,58.1700,58.0600,58.0820,114200
1413310799,58.1700,58.2000,58.0500,58.1400,183700
1413311099,58.0000,58.2000,58.0000,58.1700,158200
1413311397,58.0000,58.0250,57.9600,58.0000,182300
1413311698,57.9800,58.1200,57.9700,58.0100,152000
1413311999,57.9300,58.0100,57.9200,57.9800,236500
1413312299,58.0400,58.0400,57.9200,57.9300,172000
1413312540,58.0300,58.0600,57.9700,58.0350,143600
1413312841,57.8900,58.0438,57.8500,58.0300,173200
1413313199,57.8400,57.9700,57.8100,57.8800,355400
1413313495,57.8510,57.9550,57.8150,57.8400,271800
1413313799,57.7300,57.8700,57.6900,57.8550,344800
1413314040,57.7800,57.8100,57.7200,57.7300,238000
1413314398,57.7600,57.8100,57.7200,57.7800,236900
1413314699,57.6500,57.7500,57.5300,57.7500,280000
1413314999,57.7000,57.7500,57.5900,57.6500,347600
1413315299,57.6200,57.7300,57.5800,57.7000,317000
1413315599,57.7600,57.7600,57.6100,57.6100,485000
1413315898,57.6500,57.8000,57.5800,57.7450,687900
1413316199,57.7401,57.7900,57.6400,57.6500,511800
1413316499,57.8500,57.9700,57.7400,57.7450,543500
1413316740,57.9800,58.0400,57.8100,57.8300,890800
1413316800,57.9900,57.9900,57.9900,57.9900,4132200
1413380041,57.0200,57.3700,56.9900,57.0200,0
1413380399,56.3900,57.0600,56.1600,57.0600,513700
1413380640,56.2900,56.3800,55.9700,56.3700,610700
1413380999,56.8842,56.9000,56.2800,56.2800,603600
1413381240,56.6900,56.9000,56.6000,56.8700,398800
1413381599,56.6400,56.7300,56.5800,56.7000,387600
1413381899,56.7550,57.0500,56.6000,56.6300,431200
1413382140,56.6700,56.7700,56.6000,56.7600,447100
1413382499,56.7500,56.9000,56.5700,56.6800,549100
1413382740,56.4950,56.8134,56.4550,56.7400,264400
1413383099,56.5600,56.6100,56.3700,56.4950,274600
1413383397,56.5600,56.7200,56.4900,56.5500,281100
1413383641,56.3900,56.6050,56.3900,56.5600,235500
1413383941,56.4900,56.5350,56.3500,56.3950,218500
1413384297,56.3350,56.5500,56.3100,56.4900,192600
1413384599,56.2900,56.3797,56.2100,56.3400,334000
1413384843,56.2900,56.5200,56.2800,56.2966,422000
1413385199,56.3700,56.4200,56.2200,56.2800,217600
1413385440,56.2099,56.3701,56.1800,56.3701,369400
1413385740,56.3650,56.4000,56.2000,56.2099,301900
1413386040,56.3300,56.4000,56.3000,56.3700,311000
1413386399,56.3400,56.3700,56.3000,56.3300,199400
1413386640,56.1700,56.3500,56.1400,56.3400,213400
1413386999,55.9300,56.2300,55.9200,56.1600,293100
1413387299,55.8050,56.0650,55.7500,55.9300,415300
1413387597,56.0600,56.0700,55.8000,55.8100,287200
1413387899,55.9300,56.0600,55.9200,56.0600,218800
1413388198,55.8900,55.9449,55.7800,55.9250,229900
1413388499,55.8400,55.8900,55.7801,55.8900,301700
1413388741,55.7600,55.8767,55.7500,55.8400,253300
1413389040,55.8150,55.8300,55.7500,55.7600,217400
1413389340,55.7400,55.8300,55.7200,55.8150,564200
1413389699,55.4600,55.7400,55.4101,55.7400,411000
1413389998,55.4500,55.5899,55.3400,55.4600,272600
1413390298,55.6100,55.6700,55.4500,55.4500,195500
1413390542,55.6500,55.6500,55.5500,55.6050,159600
1413390898,55.5199,55.6770,55.5000,55.6400,291000
1413391140,55.2800,55.5300,55.2550,55.5100,381400
1413391444,55.0750,55.3000,55.0300,55.2800,414100
1413391740,55.1460,55.3000,55.0700,55.0800,340500
1413392040,55.1100,55.1550,54.8400,55.1500,569400
1413392340,54.9800,55.1800,54.8500,55.1100,480500
1413392641,54.9700,55.0300,54.9600,54.9800,507300
1413392940,55.0500,55.1000,54.9100,54.9722,511100
1413393240,54.7300,55.0800,54.6700,55.0500,552800
1413393599,54.5300,54.7500,54.2600,54.7200,1112500
1413393899,54.6000,54.6400,54.3200,54.5200,642100
1413394196,54.4900,54.6700,54.4000,54.6000,536000
1413394440,54.6100,54.6500,54.4910,54.5000,508400
1413394740,54.6962,54.7200,54.4100,54.6100,422200
1413395099,54.8640,54.9600,54.6800,54.7000,355400
1413395340,55.1600,55.1800,54.8300,54.8669,361600
1413395640,55.0570,55.2600,55.0570,55.1780,441200
1413395997,55.0900,55.1400,55.0096,55.0700,240700
1413396240,54.9100,55.1100,54.9100,55.0950,329100
1413396540,55.0350,55.1400,54.8700,54.9200,216700
1413396899,55.1400,55.1600,55.0100,55.0200,260000
1413397140,55.2600,55.3200,55.1385,55.1400,465000
1413397499,55.0400,55.3000,55.0400,55.2500,366200
1413397798,54.9500,55.0600,54.8000,55.0400,359300
1413398040,55.1472,55.2100,54.9201,54.9448,310500
1413398340,55.4472,55.4900,55.1200,55.1500,543100
1413398640,55.4300,55.5700,55.3900,55.4500,349000
1413398941,55.4050,55.5300,55.3200,55.4300,314400
1413399299,55.4950,55.5400,55.3900,55.3900,395300
1413399599,55.3850,55.5100,55.3100,55.5000,239000
1413399840,55.2900,55.3900,55.2400,55.3850,261200
1413400144,55.3700,55.4400,55.2300,55.2899,276700
1413400441,55.3000,55.4900,55.3000,55.3600,481500
1413400797,55.1800,55.3100,55.0400,55.3090,395600
1413401099,55.0750,55.2800,55.0600,55.1700,318800
1413401340,55.3400,55.3500,55.0600,55.0800,657700
1413401699,55.2600,55.4500,55.1900,55.3400,578400
1413401999,55.5100,55.5700,55.2300,55.2700,783800
1413402240,55.7200,55.8100,55.4500,55.5200,1088200
1413402599,55.4800,55.7250,55.4200,55.7200,766600
1413402899,55.5350,55.5400,55.3850,55.4899,981400
1413403199,55.5100,55.6800,55.4900,55.5350,1624600
1413403200,55.5300,55.5300,55.5300,55.5300,4704600
1413466499,54.8700,54.9600,54.3600,54.7500,0
1413466740,55.1000,55.1700,54.8400,54.8701,386800
1413467099,55.2960,55.3100,55.0600,55.1000,597600
1413467340,55.3700,55.4000,55.1800,55.2900,506500
1413467640,55.3300,55.4800,55.2300,55.3800,497900
1413467999,55.2700,55.3400,55.0020,55.3300,609600
1413468299,55.0700,55.3200,55.0200,55.3000,339800
1413468599,55.0900,55.1500,55.0000,55.0700,822300
1413468841,54.7300,55.0900,54.7300,55.0900,555400
1413469199,54.4700,54.7400,54.4000,54.7300,590500
1413469499,54.4050,55.0000,54.3800,54.4650,1339700
1413469740,54.3400,54.4800,54.2800,54.4090,1097300
1413470099,54.8300,54.8600,54.3150,54.3400,463100
1413470340,54.7900,54.9200,54.7500,54.8300,467200
1413470698,54.8900,54.9300,54.5600,54.7900,429000
1413470999,55.0000,55.1100,54.8900,54.8950,713900
1413471240,55.0700,55.2500,54.9900,54.9900,471500
1413471540,55.1700,55.1800,54.9400,55.0700,426900
1413471898,54.9700,55.2200,54.9300,55.1800,379100
1413472198,55.0000,55.0500,54.8400,54.9700,334800
1413472441,55.2200,55.2500,54.9700,55.0000,353500
1413472799,55.4600,55.4700,55.1900,55.2300,439700
1413473099,55.7400,55.7500,55.4300,55.4600,485700
1413473399,55.7233,55.7500,55.6000,55.7400,252200
1413473640,55.8000,55.9300,55.6800,55.7250,373000
1413473998,55.4700,55.8500,55.4200,55.8000,406000
1413474299,55.4650,55.5700,55.4300,55.4600,204300
1413474599,55.3900,55.5100,55.3500,55.4600,147600
1413474841,55.3700,55.4500,55.3600,55.3900,235900
1413475140,55.4400,55.4800,55.3300,55.3700,140900
1413475499,55.3300,55.4350,55.2600,55.4301,176700
1413475740,55.4900,55.5200,55.3350,55.3400,156100
1413476041,55.4800,55.5100,55.3800,55.4900,245500
1413476397,55.5073,55.5100,55.3856,55.4800,146600
1413476641,55.6600,55.6600,55.5050,55.5050,298500
1413476999,55.5673,55.6900,55.5300,55.6500,167200
1413477299,55.4900,55.6000,55.4700,55.5700,166200
1413477540,55.3300,55.5000,55.2600,55.5000,358000
1413477898,55.2900,55.3800,55.2800,55.3300,190600
1413478141,55.3300,55.3500,55.2600,55.3000,266000
1413478495,55.4100,55.4400,55.3300,55.3400,237900
1413478740,55.5600,55.6200,55.4000,55.4000,199000
1413479098,55.6200,55.7600,55.5700,55.5700,203100
1413479398,55.6400,55.7100,55.5750,55.6300,147300
1413479698,55.6500,55.7000,55.5700,55.6400,171600
1413479940,55.7000,55.7000,55.6200,55.6500,202800
1413480299,55.7900,55.8100,55.6400,55.7000,240400
1413480599,55.7400,55.8700,55.7271,55.7910,183700
1413480842,55.7150,55.7700,55.6800,55.7301,124700
1413481140,55.8000,55.8400,55.6410,55.7250,399000
1413481440,55.9500,55.9500,55.7600,55.7999,278700
1413481799,55.8710,55.9800,55.8200,55.9500,167700
1413482098,55.7900,55.8800,55.6800,55.8800,179700
1413482398,55.6300,55.8000,55.5900,55.8000,174100
1413482644,55.7190,55.7200,55.5990,55.6300,184600
1413482999,55.8318,55.8318,55.7000,55.7100,270200
1413483240,55.6550,55.8800,55.6500,55.8300,161800
1413483597,55.6400,55.7500,55.6100,55.6500,181900
1413483840,55.6199,55.6500,55.5400,55.6500,282600
1413484142,55.7100,55.7200,55.6100,55.6150,135200
1413484440,55.7510,55.8200,55.6700,55.7200,218100
1413484740,55.7999,55.7999,55.7100,55.7600,153100
1413485040,55.6300,55.7970,55.6200,55.7900,224800
1413485340,55.2350,55.6400,55.2350,55.6200,503600
1413485698,55.4300,55.4400,55.1100,55.2400,542100
1413485940,55.3901,55.5100,55.3800,55.4300,336900
1413486299,55.2150,55.4200,55.2100,55.3950,397400
1413486599,55.1800,55.3000,55.1750,55.2200,396100
1413486899,55.3700,55.3750,55.1400,55.1900,643700
1413487142,55.3300,55.5000,55.3300,55.3800,390500
1413487499,55.3900,55.4800,55.3200,55.3400,224000
1413487799,55.3600,55.4600,55.2800,55.3950,222900
1413488040,55.3000,55.3900,55.2450,55.3600,335300
1413488399,55.0400,55.3400,54.9600,55.2950,628400
1413488640,55.1400,55.3000,54.9900,55.0400,478500
1413488999,55.0850,55.2000,55.0600,55.1500,596900
1413489240,55.1100,55.2200,55.0850,55.0850,743200
1413489599,55.0800,55.2100,55.0300,55.1200,1184500
1413489600,55.0800,55.0800,55.0800,55.0800,2699700
1413552898,55.8400,56.0000,55.7400,55.7400,0
1413553199,55.7400,55.8600,55.5700,55.8400,317800
1413553440,55.8100,55.8500,55.6900,55.7500,294200
1413553799,55.9600,56.0000,55.8200,55.8300,366000
1413554094,56.1400,56.1500,55.9500,55.9700,467900
1413554399,56.0150,56.2500,56.0100,56.1400,411100
1413554699,56.2050,56.2300,56.0200,56.0300,232300
1413554999,56.2200,56.2500,56.1600,56.2100,193900
1413555299,56.3500,56.3800,56.1700,56.2200,228000
1413555597,56.5650,56.6000,56.3450,56.3500,555500
1413555899,56.5300,56.6200,56.4900,56.5700,445000
1413556140,56.6300,56.6400,56.4800,56.5300,236700
1413556499,56.7400,56.7500,56.5600,56.6400,378000
1413556799,56.5600,56.7400,56.5400,56.7400,281800
1413557099,56.4900,56.5600,56.4500,56.5600,183100
1413557398,56.3850,56.5000,56.3800,56.4900,137500
1413557645,56.4300,56.4450,56.3700,56.3900,208100
1413557999,56.5450,56.5450,56.4399,56.4400,131400
1413558243,56.5300,56.5600,56.4900,56.5400,173000
1413558599,56.5800,56.6200,56.5250,56.5400,112400
1413558840,56.6600,56.7000,56.5300,56.5810,322100
1413559140,56.6872,56.7100,56.6200,56.6700,236900
1413559499,56.6400,56.6950,56.6200,56.6801,156600
1413559799,56.6200,56.6950,56.6200,56.6400,156200
1413560043,56.7300,56.7300,56.5775,56.6300,116600
1413560341,56.7300,56.7400,56.6100,56.7201,128800
1413560699,56.6700,56.7400,56.6600,56.7300,142200
1413560998,56.7300,56.7700,56.6600,56.6600,130400
1413561297,56.7500,56.7800,56.7200,56.7300,147700
1413561599,56.6700,56.7600,56.6600,56.7500,155300
1413561841,56.7100,56.7400,56.6600,56.6754,139400
1413562140,56.6500,56.7562,56.6500,56.7200,155800
1413562441,56.5400,56.6500,56.5100,56.6500,156100
1413562799,56.5200,56.5400,56.4600,56.5350,134800
1413563095,56.5225,56.5800,56.5100,56.5134,167100
1413563399,56.5700,56.5700,56.5110,56.5200,99900
1413563641,56.6000,56.6699,56.5501,56.5600,137400
1413563998,56.6027,56.6500,56.5600,56.5900,152300
1413564299,56.4900,56.6100,56.4500,56.6100,184400
1413564542,56.4163,56.5300,56.4150,56.4990,101100
1413564898,56.3400,56.4200,56.2800,56.4200,170400
1413565199,56.3200,56.3800,56.2800,56.3400,257800
1413565499,56.2900,56.3800,56.2900,56.3200,100700
1413565797,56.1900,56.3000,56.1900,56.2900,114300
1413566099,56.1750,56.2066,56.0950,56.1800,148000
1413566345,56.2850,56.3100,56.1600,56.1700,106300
1413566698,56.2000,56.2800,56.1800,56.2800,63000
1413566998,56.2200,56.2800,56.2078,56.2100,69100
1413567297,56.2000,56.2799,56.1700,56.2200,750200
1413567599,56.3100,56.3600,56.1700,56.1950,153100
1413567899,56.2600,56.3100,56.2300,56.3100,63600
1413568141,56.2100,56.2700,56.2100,56.2560,64000
1413568446,56.2250,56.2500,56.1850,56.2050,89500
1413568797,56.1050,56.2200,56.0200,56.2200,180200
1413569096,55.9900,56.1050,55.9700,56.1000,139600
1413569340,55.9100,56.0400,55.8300,56.0000,258700
1413569691,55.9650,55.9800,55.8750,55.9200,150900
1413569998,55.8300,55.9967,55.8200,55.9700,211100
1413570299,55.9250,55.9300,55.8000,55.8250,279300
1413570540,55.8650,55.9400,55.7600,55.9250,245500
1413570899,55.8750,55.9356,55.8100,55.8629,104900
1413571193,55.9200,55.9300,55.8200,55.8750,111100
1413571440,55.9900,56.0600,55.9199,55.9199,207700
1413571740,55.9600,56.0200,55.9000,55.9900,123800
1413572040,56.0049,56.0100,55.9300,55.9600,94400
1413572399,56.0400,56.0400,55.9500,56.0100,162000
1413572699,55.9400,56.0450,55.8500,56.0450,293500
1413572997,56.0700,56.1350,55.9100,55.9300,241700
1413573241,56.2900,56.2940,56.0690,56.0700,217800
1413573540,56.1900,56.3100,56.1650,56.2900,164600
1413573841,56.1950,56.2700,56.1600,56.1900,169200
1413574141,56.2300,56.2400,56.1700,56.2000,224200
1413574440,56.1500,56.2950,56.1500,56.2300,282600
1413574740,56.2300,56.2500,56.1575,56.1590,208400
1413575096,56.3101,56.3400,56.1900,56.2300,322000
1413575398,56.2700,56.4100,56.2499,56.3150,432700
1413575699,56.2300,56.2700,56.1610,56.2600,432900
1413575999,56.1999,56.3200,56.1700,56.2300,892300
1413576000,56.2000,56.2000,56.2000,56.2000,1885000
